volume_tests,company_id,company_type,time,date,month,year,day,is_weekend,season,avg_pesq_score,quality_too_poor,number_busy,temporarily_unable_test,outage_hrs,number_test_types,numbers_tested,followup_tests,min_commit
3102,9,Conference,2018-06-01,1,6,2018,Fri,0,Summer,3.939593,4,37,34,18.73,2,96,20,nan
0,9,Conference,2018-06-02,2,6,2018,Sat,1,Summer,0,0,0,0,24,0,0,0,nan
0,9,Conference,2018-06-03,3,6,2018,Sun,1,Summer,0,0,0,0,24,0,0,0,nan
3863,9,Conference,2018-06-04,4,6,2018,Mon,0,Summer,3.983947,0,74,218,25.97,2,92,50,nan
3814,9,Conference,2018-06-05,5,6,2018,Tues,0,Summer,3.919932,0,110,0,134.36,2,122,45,nan
4948,9,Conference,2018-06-06,6,6,2018,Wed,0,Summer,3.898953,1,321,3,269.68,2,124,180,nan
4848,9,Conference,2018-06-07,7,6,2018,Thurs,0,Summer,3.889258,1,218,0,276.41,2,122,160,nan
4725,9,Conference,2018-06-08,8,6,2018,Fri,0,Summer,3.884092,2,113,0,289.93,2,116,110,nan
0,9,Conference,2018-06-09,9,6,2018,Sat,1,Summer,0,0,0,0,312,0,0,0,nan
0,9,Conference,2018-06-10,10,6,2018,Sun,1,Summer,0,0,0,0,312,0,0,0,nan
4761,9,Conference,2018-06-11,11,6,2018,Mon,0,Summer,3.886402,2,108,20,310.31,2,116,60,nan
4848,9,Conference,2018-06-12,12,6,2018,Tues,0,Summer,3.852703,1,158,129,327.43,2,116,110,nan
4902,9,Conference,2018-06-13,13,6,2018,Wed,0,Summer,3.872687,2,237,0,380.28,2,120,210,nan
4934,9,Conference,2018-06-14,14,6,2018,Thurs,0,Summer,3.875028,1,258,0,452.83,2,123,195,nan
4909,9,Conference,2018-06-15,15,6,2018,Fri,0,Summer,3.87268,4,53,7,466.69,2,129,35,nan
0,9,Conference,2018-06-16,16,6,2018,Sat,1,Summer,0,0,0,0,455.99,0,0,0,nan
0,9,Conference,2018-06-17,17,6,2018,Sun,1,Summer,0,0,0,0,455.99,0,0,0,nan
5393,9,Conference,2018-06-18,18,6,2018,Mon,0,Summer,3.875845,12,165,0,472.47,2,127,90,nan
5240,9,Conference,2018-06-19,19,6,2018,Tues,0,Summer,3.872574,5,58,0,480.04,2,129,60,nan
5235,9,Conference,2018-06-20,20,6,2018,Wed,0,Summer,3.874243,3,72,0,480.19,2,126,65,nan
5202,9,Conference,2018-06-21,21,6,2018,Thurs,0,Summer,3.856948,13,78,10,492.6,2,129,40,nan
5545,9,Conference,2018-06-22,22,6,2018,Fri,0,Summer,3.877032,10,323,5,564.97,2,138,185,nan
0,9,Conference,2018-06-23,23,6,2018,Sat,1,Summer,0,0,0,0,575.99,0,0,0,nan
0,9,Conference,2018-06-24,24,6,2018,Sun,1,Summer,0,0,0,0,575.99,0,0,0,nan
5288,9,Conference,2018-06-25,25,6,2018,Mon,0,Summer,3.878974,8,151,2,578.66,2,140,110,nan
5338,9,Conference,2018-06-26,26,6,2018,Tues,0,Summer,3.86575,11,98,0,614.54,2,147,90,nan
5361,9,Conference,2018-06-27,27,6,2018,Wed,0,Summer,3.853343,2,59,0,640.3,2,142,55,nan
6173,9,Conference,2018-06-28,28,6,2018,Thurs,0,Summer,3.867168,10,271,1,681.67,2,151,320,nan
5500,9,Conference,2018-06-29,29,6,2018,Fri,0,Summer,3.883437,6,437,0,739.54,2,145,210,nan
0,9,Conference,2018-06-30,30,6,2018,Sat,1,Summer,0,0,0,0,743.99,0,0,0,nan
0,9,Conference,2018-07-01,1,7,2018,Sun,1,Summer,0,0,0,0,743.99,0,0,0,nan
5372,9,Conference,2018-07-02,2,7,2018,Mon,0,Summer,3.87502,1,214,0,733.6,2,128,160,nan
5473,9,Conference,2018-07-03,3,7,2018,Tues,0,Summer,3.877555,5,343,0,719.99,2,137,170,nan
5270,9,Conference,2018-07-04,4,7,2018,Wed,0,Summer,3.873263,1,101,4,704.59,2,134,75,nan
5576,9,Conference,2018-07-05,5,7,2018,Thurs,0,Summer,3.881057,8,122,4,695.99,2,137,90,nan
5368,9,Conference,2018-07-06,6,7,2018,Fri,0,Summer,3.873132,13,121,0,695.99,2,134,80,nan
0,9,Conference,2018-07-07,7,7,2018,Sat,1,Summer,0,0,0,0,695.99,0,0,0,nan
0,9,Conference,2018-07-08,8,7,2018,Sun,1,Summer,0,0,0,0,695.99,0,0,0,nan
5112,9,Conference,2018-07-09,9,7,2018,Mon,0,Summer,3.869946,12,16,21,695.99,2,126,5,nan
4830,9,Conference,2018-07-10,10,7,2018,Tues,0,Summer,3.917991,5,32,597,695.99,1,125,0,nan
5308,9,Conference,2018-07-11,11,7,2018,Wed,0,Summer,3.869081,5,80,0,707.45,2,138,60,nan
5334,9,Conference,2018-07-12,12,7,2018,Thurs,0,Summer,3.868822,1,27,0,699.88,2,134,20,nan
5383,9,Conference,2018-07-13,13,7,2018,Fri,0,Summer,3.879689,23,126,61,712.28,2,125,15,nan
0,9,Conference,2018-07-14,14,7,2018,Sat,1,Summer,0,0,0,0,719.99,0,0,0,nan
0,9,Conference,2018-07-15,15,7,2018,Sun,1,Summer,0,0,0,0,719.99,0,0,0,nan
5292,9,Conference,2018-07-16,16,7,2018,Mon,0,Summer,3.85214,10,42,0,718.85,2,132,39,nan
5621,9,Conference,2018-07-17,17,7,2018,Tues,0,Summer,3.859508,8,93,0,706.47,2,128,30,nan
5251,9,Conference,2018-07-18,18,7,2018,Wed,0,Summer,3.858833,2,50,0,695.99,2,126,35,nan
5520,9,Conference,2018-07-19,19,7,2018,Thurs,0,Summer,3.859588,7,227,0,688.41,2,127,140,nan
5829,9,Conference,2018-07-20,20,7,2018,Fri,0,Summer,3.861267,1,219,0,695.99,2,128,160,nan
0,9,Conference,2018-07-21,21,7,2018,Sat,1,Summer,0,0,0,0,695.99,0,0,0,nan
0,9,Conference,2018-07-22,22,7,2018,Sun,1,Summer,0,0,0,0,695.99,0,0,0,nan
5305,9,Conference,2018-07-23,23,7,2018,Mon,0,Summer,3.861164,3,156,0,695.99,2,127,120,nan
5263,9,Conference,2018-07-24,24,7,2018,Tues,0,Summer,3.867559,10,108,0,695.99,2,127,80,nan
5198,9,Conference,2018-07-25,25,7,2018,Wed,0,Summer,3.865082,1,23,0,695.99,2,125,15,nan
5134,9,Conference,2018-07-26,26,7,2018,Thurs,0,Summer,3.860614,0,0,0,695.99,1,123,0,nan
5157,9,Conference,2018-07-27,27,7,2018,Fri,0,Summer,3.87206,0,49,0,695.99,2,124,35,nan
0,9,Conference,2018-07-28,28,7,2018,Sat,1,Summer,0,0,0,0,695.99,0,0,0,nan
0,9,Conference,2018-07-29,29,7,2018,Sun,1,Summer,0,0,0,0,695.99,0,0,0,nan
5357,9,Conference,2018-07-30,30,7,2018,Mon,0,Summer,3.877749,0,221,0,679.5,2,127,160,nan
5260,9,Conference,2018-07-31,31,7,2018,Tues,0,Summer,3.881079,0,172,0,671.99,2,125,105,nan
5171,9,Conference,2018-08-01,1,8,2018,Wed,0,Autumn,3.884575,1,67,0,671.99,2,125,45,nan
5297,9,Conference,2018-08-02,2,8,2018,Thurs,0,Autumn,3.873716,0,87,0,643.12,2,129,95,nan
5246,9,Conference,2018-08-03,3,8,2018,Fri,0,Autumn,3.884711,0,89,0,636.48,2,129,65,nan
0,9,Conference,2018-08-04,4,8,2018,Sat,1,Autumn,0,0,0,0,647.99,0,0,0,nan
4,9,Conference,2018-08-05,5,8,2018,Sun,1,Autumn,0,0,0,0,647.99,0,0,0,nan
5234,9,Conference,2018-08-06,6,8,2018,Mon,0,Autumn,3.881949,2,174,10,684.65,2,131,135,nan
5393,9,Conference,2018-08-07,7,8,2018,Tues,0,Autumn,3.890622,0,119,0,696.38,2,129,60,nan
5329,9,Conference,2018-08-08,8,8,2018,Wed,0,Autumn,3.89118,0,53,5,671.99,2,124,5,nan
4649,9,Conference,2018-08-09,9,8,2018,Thurs,0,Autumn,3.883952,0,32,0,671.99,2,124,10,nan
4533,9,Conference,2018-08-10,10,8,2018,Fri,0,Autumn,3.892325,0,48,15,671.99,1,121,0,nan
0,9,Conference,2018-08-11,11,8,2018,Sat,1,Autumn,0,0,0,0,671.99,0,0,0,nan
9,9,Conference,2018-08-12,12,8,2018,Sun,1,Autumn,4.03,0,0,0,671.99,1,6,0,nan
3442,9,Conference,2018-08-13,13,8,2018,Mon,0,Autumn,3.818276,0,347,2,684.98,2,129,170,nan
3211,9,Conference,2018-08-14,14,8,2018,Tues,0,Autumn,3.792177,0,2,0,671.99,2,123,5,nan
3312,9,Conference,2018-08-15,15,8,2018,Wed,0,Autumn,3.792565,0,43,0,671.99,2,123,10,nan
3457,9,Conference,2018-08-16,16,8,2018,Thurs,0,Autumn,3.791475,3,141,2,682.4,2,128,70,nan
3637,9,Conference,2018-08-17,17,8,2018,Fri,0,Autumn,3.792809,0,164,0,674.53,2,127,115,nan
2,9,Conference,2018-08-18,18,8,2018,Sat,1,Autumn,4,0,0,0,671.99,1,2,0,nan
9,9,Conference,2018-08-19,19,8,2018,Sun,1,Autumn,4.017778,0,0,0,671.99,1,6,0,nan
3448,9,Conference,2018-08-20,20,8,2018,Mon,0,Autumn,3.784213,1,45,17,658.73,2,129,20,nan
3533,9,Conference,2018-08-21,21,8,2018,Tues,0,Autumn,3.804247,0,39,41,647.99,2,127,30,nan
3364,9,Conference,2018-08-22,22,8,2018,Wed,0,Autumn,3.810137,0,13,0,647.99,2,127,5,nan
3373,9,Conference,2018-08-23,23,8,2018,Thurs,0,Autumn,3.800064,0,29,0,647.99,2,127,10,nan
3484,9,Conference,2018-08-24,24,8,2018,Fri,0,Autumn,3.810263,0,52,0,632.4,2,132,15,nan
2,9,Conference,2018-08-25,25,8,2018,Sat,1,Autumn,3.92,0,0,0,623.99,1,2,0,nan
7,9,Conference,2018-08-26,26,8,2018,Sun,1,Autumn,4.007143,0,0,0,623.99,1,6,0,nan
3406,9,Conference,2018-08-27,27,8,2018,Mon,0,Autumn,3.807327,0,0,11,623.99,1,130,0,nan
3596,9,Conference,2018-08-28,28,8,2018,Tues,0,Autumn,3.796485,0,220,18,618.89,2,133,130,nan
3469,9,Conference,2018-08-29,29,8,2018,Wed,0,Autumn,3.80864,1,21,13,599.99,2,131,5,nan
3467,9,Conference,2018-08-30,30,8,2018,Thurs,0,Autumn,3.812727,0,20,16,599.99,2,132,15,nan
3554,9,Conference,2018-08-31,31,8,2018,Fri,0,Autumn,3.808662,2,22,7,599.99,2,131,5,nan
2,9,Conference,2018-09-01,1,9,2018,Sat,1,Autumn,3.955,0,0,0,599.99,1,2,0,nan
123,9,Conference,2018-09-02,2,9,2018,Sun,1,Autumn,4.054286,0,8,0,599.99,1,6,0,nan
3571,9,Conference,2018-09-03,3,9,2018,Mon,0,Autumn,3.821717,2,142,4,599.99,2,134,140,nan
3556,9,Conference,2018-09-04,4,9,2018,Tues,0,Autumn,3.826216,0,44,9,599.99,2,133,20,nan
3433,9,Conference,2018-09-05,5,9,2018,Wed,0,Autumn,3.819872,0,10,7,599.99,2,131,1,nan
3510,9,Conference,2018-09-06,6,9,2018,Thurs,0,Autumn,3.81894,0,36,26,599.99,2,132,18,nan
3566,9,Conference,2018-09-07,7,9,2018,Fri,0,Autumn,3.820033,0,37,5,599.99,2,133,7,nan
2,9,Conference,2018-09-08,8,9,2018,Sat,1,Autumn,4.085,0,0,0,599.99,1,2,0,nan
7,9,Conference,2018-09-09,9,9,2018,Sun,1,Autumn,4.05,0,0,0,599.99,1,6,0,nan
3491,9,Conference,2018-09-10,10,9,2018,Mon,0,Autumn,3.823957,2,15,13,599.99,2,131,4,nan
3546,9,Conference,2018-09-11,11,9,2018,Tues,0,Autumn,3.676654,0,47,4,611.94,2,132,7,nan
3545,9,Conference,2018-09-12,12,9,2018,Wed,0,Autumn,3.819898,0,44,18,623.99,2,134,17,nan
3747,9,Conference,2018-09-13,13,9,2018,Thurs,0,Autumn,3.815679,0,42,10,623.99,2,132,4,nan
3555,9,Conference,2018-09-14,14,9,2018,Fri,0,Autumn,3.808414,0,9,6,624.04,2,132,3,nan
2,9,Conference,2018-09-15,15,9,2018,Sat,1,Autumn,4.01,0,0,0,623.99,1,2,0,nan
7,9,Conference,2018-09-16,16,9,2018,Sun,1,Autumn,4.048571,0,0,0,623.99,1,6,0,nan
3593,9,Conference,2018-09-17,17,9,2018,Mon,0,Autumn,3.824631,0,48,0,623.99,2,133,23,nan
3436,9,Conference,2018-09-18,18,9,2018,Tues,0,Autumn,3.821172,3,45,3,623.99,2,144,10,nan
3671,9,Conference,2018-09-19,19,9,2018,Wed,0,Autumn,3.830967,1,69,4,623.99,2,144,10,nan
3501,9,Conference,2018-09-20,20,9,2018,Thurs,0,Autumn,3.839496,2,55,1,623.99,2,139,2,nan
3317,9,Conference,2018-09-21,21,9,2018,Fri,0,Autumn,3.828882,4,1,3,623.99,2,129,1,nan
2,9,Conference,2018-09-22,22,9,2018,Sat,1,Autumn,4.08,0,0,0,623.99,1,2,0,nan
7,9,Conference,2018-09-23,23,9,2018,Sun,1,Autumn,4.008571,0,0,0,623.99,1,6,0,nan
3955,9,Conference,2018-09-24,24,9,2018,Mon,0,Autumn,3.83067,0,93,0,623.99,2,130,3,nan
3394,9,Conference,2018-09-25,25,9,2018,Tues,0,Autumn,3.827907,8,43,1,623.99,2,132,17,nan
3423,9,Conference,2018-09-26,26,9,2018,Wed,0,Autumn,3.796201,5,46,2,623.99,2,129,1,nan
3768,9,Conference,2018-09-27,27,9,2018,Thurs,0,Autumn,3.820064,4,56,3,661.27,2,132,5,nan
3723,9,Conference,2018-09-28,28,9,2018,Fri,0,Autumn,3.838707,0,109,8,671.99,2,135,16,nan
2,9,Conference,2018-09-29,29,9,2018,Sat,1,Autumn,3.825,0,0,0,671.99,1,2,0,nan
7,9,Conference,2018-09-30,30,9,2018,Sun,1,Autumn,4.034286,0,0,0,671.99,1,6,0,nan
3408,9,Conference,2018-10-01,1,10,2018,Mon,0,Autumn,3.83241,0,21,3,671.99,2,131,6,nan
3453,9,Conference,2018-10-02,2,10,2018,Tues,0,Autumn,3.826677,0,24,3,672.74,2,132,1,nan
3522,9,Conference,2018-10-03,3,10,2018,Wed,0,Autumn,3.856704,2,44,182,671.99,2,138,10,nan
3577,9,Conference,2018-10-04,4,10,2018,Thurs,0,Autumn,3.836049,0,23,2,671.99,2,135,6,nan
3711,9,Conference,2018-10-05,5,10,2018,Fri,0,Autumn,3.838399,0,47,7,671.99,2,136,2,nan
2,9,Conference,2018-10-06,6,10,2018,Sat,1,Autumn,4.02,0,0,0,671.99,1,2,0,nan
7,9,Conference,2018-10-07,7,10,2018,Sun,1,Autumn,4.028571,0,0,0,671.99,1,6,0,nan
4395,9,Conference,2018-10-08,8,10,2018,Mon,0,Autumn,3.826349,0,94,60,671.99,2,136,10,nan
3952,9,Conference,2018-10-09,9,10,2018,Tues,0,Autumn,3.822278,0,67,8,671.99,2,140,4,nan
4167,9,Conference,2018-10-10,10,10,2018,Wed,0,Autumn,3.830132,17,59,81,672.03,2,142,7,nan
4124,9,Conference,2018-10-11,11,10,2018,Thurs,0,Autumn,3.82734,18,60,3,689.51,2,138,3,nan
4051,9,Conference,2018-10-12,12,10,2018,Fri,0,Autumn,3.828829,22,39,0,695.99,2,143,4,nan
2,9,Conference,2018-10-13,13,10,2018,Sat,1,Autumn,3.965,0,0,0,695.99,1,2,0,nan
7,9,Conference,2018-10-14,14,10,2018,Sun,1,Autumn,4.052857,0,0,0,695.99,1,6,0,nan
3528,9,Conference,2018-10-15,15,10,2018,Mon,0,Autumn,3.844649,0,37,0,695.99,2,140,1,nan
3857,9,Conference,2018-10-16,16,10,2018,Tues,0,Autumn,3.848326,11,17,3,695.99,2,144,3,nan
3829,9,Conference,2018-10-17,17,10,2018,Wed,0,Autumn,3.851919,9,10,8,695.99,2,140,1,nan
4245,9,Conference,2018-10-18,18,10,2018,Thurs,0,Autumn,3.850065,0,102,9,695.99,2,140,4,nan
3812,9,Conference,2018-10-19,19,10,2018,Fri,0,Autumn,3.842288,0,22,2,695.99,2,140,11,nan
2,9,Conference,2018-10-20,20,10,2018,Sat,1,Autumn,4.07,0,0,0,695.99,1,2,0,nan
4,9,Conference,2018-10-21,21,10,2018,Sun,1,Autumn,4.0375,0,0,0,695.99,1,3,0,nan
2632,9,Conference,2018-10-22,22,10,2018,Mon,0,Autumn,3.882033,2,31,16,712.5,2,141,2,nan
3811,9,Conference,2018-10-23,23,10,2018,Tues,0,Autumn,3.84842,1,30,17,719.99,2,142,14,nan
3830,9,Conference,2018-10-24,24,10,2018,Wed,0,Autumn,3.839978,1,40,21,720.48,2,141,2,nan
3881,9,Conference,2018-10-25,25,10,2018,Thurs,0,Autumn,3.844093,3,38,10,719.99,2,140,1,nan
3898,9,Conference,2018-10-26,26,10,2018,Fri,0,Autumn,3.849523,1,13,14,735.37,2,145,8,nan
2,9,Conference,2018-10-27,27,10,2018,Sat,1,Autumn,4.045,0,0,0,743.99,1,2,0,nan
7,9,Conference,2018-10-28,28,10,2018,Sun,1,Autumn,4.054286,0,0,0,743.99,1,6,0,nan
3781,9,Conference,2018-10-29,29,10,2018,Mon,0,Autumn,3.844981,0,13,57,743.99,2,141,8,nan
3816,9,Conference,2018-10-30,30,10,2018,Tues,0,Autumn,3.846684,4,10,9,770.12,2,145,7,nan
3769,9,Conference,2018-10-31,31,10,2018,Wed,0,Autumn,3.83251,6,33,17,792.06,2,143,16,nan
3629,9,Conference,2018-11-01,1,11,2018,Thurs,0,Winter,3.827605,3,8,26,791.99,1,135,0,nan
3646,9,Conference,2018-11-02,2,11,2018,Fri,0,Winter,3.828802,0,30,8,791.99,2,138,6,nan
4,9,Conference,2018-11-03,3,11,2018,Sat,1,Winter,3.925,0,0,0,791.99,1,4,0,nan
7,9,Conference,2018-11-04,4,11,2018,Sun,1,Winter,3.79,0,0,0,791.99,1,6,0,nan
3594,9,Conference,2018-11-05,5,11,2018,Mon,0,Winter,3.77674,0,20,2,806.94,3,138,6,nan
3675,9,Conference,2018-11-06,6,11,2018,Tues,0,Winter,3.7485205,0,29,5,804.96,3,139,3,nan
3690,9,Conference,2018-11-07,7,11,2018,Wed,0,Winter,3.7141095,1,46,14,791.99,3,137,3,nan
4327,9,Conference,2018-11-08,8,11,2018,Thurs,0,Winter,3.683156,3,43,10,791.99,3,139,6,nan
4748,9,Conference,2018-11-09,9,11,2018,Fri,0,Winter,3.7075435,7,0,2,791.99,2,136,0,nan
174,9,Conference,2018-11-10,10,11,2018,Sat,1,Winter,3.759106,1,0,0,791.99,2,5,0,nan
7,9,Conference,2018-11-11,11,11,2018,Sun,1,Winter,4.042857,0,0,0,791.99,1,6,0,nan
4788,9,Conference,2018-11-12,12,11,2018,Mon,0,Winter,3.7167025,16,17,0,791.99,3,139,3,nan
5252,9,Conference,2018-11-13,13,11,2018,Tues,0,Winter,3.71296,13,18,2,791.99,3,139,1,nan
5346,9,Conference,2018-11-14,14,11,2018,Wed,0,Winter,3.712542,12,35,32,838.25,3,147,9,nan
6153,9,Conference,2018-11-15,15,11,2018,Thurs,0,Winter,3.7333875,30,114,0,849.1,3,147,17,nan
5962,9,Conference,2018-11-16,16,11,2018,Fri,0,Winter,3.7385195,15,59,3,839.99,3,142,2,nan
175,9,Conference,2018-11-17,17,11,2018,Sat,1,Winter,3.7456015,0,0,0,839.99,2,5,0,nan
15,9,Conference,2018-11-18,18,11,2018,Sun,1,Winter,4.028571,0,0,0,839.99,1,6,0,nan
5696,9,Conference,2018-11-19,19,11,2018,Mon,0,Winter,3.7327225,15,19,14,839.99,3,145,10,nan
5790,9,Conference,2018-11-20,20,11,2018,Tues,0,Winter,3.708918,20,58,6,839.99,3,142,2,nan
5957,9,Conference,2018-11-21,21,11,2018,Wed,0,Winter,3.716676,20,84,58,839.99,3,141,4,nan
5936,9,Conference,2018-11-22,22,11,2018,Thurs,0,Winter,3.727379,12,34,68,839.99,3,147,12,nan
5845,9,Conference,2018-11-23,23,11,2018,Fri,0,Winter,3.73083,10,1,66,839.99,3,141,1,nan
175,9,Conference,2018-11-24,24,11,2018,Sat,1,Winter,3.7273915,0,0,4,839.99,2,5,0,nan
7,9,Conference,2018-11-25,25,11,2018,Sun,1,Winter,4,0,0,0,839.99,1,6,0,nan
5669,9,Conference,2018-11-26,26,11,2018,Mon,0,Winter,3.7170455,29,4,61,839.99,3,140,2,nan
5851,9,Conference,2018-11-27,27,11,2018,Tues,0,Winter,3.7196415,29,8,65,840.12,3,142,5,nan
5896,9,Conference,2018-11-28,28,11,2018,Wed,0,Winter,3.721661,34,39,64,839.99,3,145,16,nan
5912,9,Conference,2018-11-29,29,11,2018,Thurs,0,Winter,3.757534,11,3,20,839.99,3,144,3,nan
5355,9,Conference,2018-11-30,30,11,2018,Fri,0,Winter,3.763856,14,10,1,839.99,3,143,2,nan
91,9,Conference,2018-12-01,1,12,2018,Sat,1,Winter,3.780848,0,0,0,839.99,2,5,0,nan
7,9,Conference,2018-12-02,2,12,2018,Sun,1,Winter,4.048572,0,0,0,839.99,1,6,0,nan
5243,9,Conference,2018-12-03,3,12,2018,Mon,0,Winter,3.780461,3,21,8,870.04,3,145,9,nan
5237,9,Conference,2018-12-04,4,12,2018,Tues,0,Winter,3.767972,7,50,22,887.99,3,149,24,nan
5252,9,Conference,2018-12-05,5,12,2018,Wed,0,Winter,3.7820025,1,44,32,887.99,3,145,15,nan
5325,9,Conference,2018-12-06,6,12,2018,Thurs,0,Winter,3.7757005,4,11,24,864.09,3,145,4,nan
5395,9,Conference,2018-12-07,7,12,2018,Fri,0,Winter,3.7792075,2,52,3,863.99,2,142,0,nan
90,9,Conference,2018-12-08,8,12,2018,Sat,1,Winter,3.8566025,0,0,0,863.99,2,5,0,nan
4,9,Conference,2018-12-09,9,12,2018,Sun,1,Winter,4.05,0,0,0,863.99,1,3,0,nan
3837,9,Conference,2018-12-10,10,12,2018,Mon,0,Winter,3.803712,6,4,0,863.99,2,142,0,nan
5464,9,Conference,2018-12-11,11,12,2018,Tues,0,Winter,3.7902495,3,95,5,863.99,3,143,9,nan
5313,9,Conference,2018-12-12,12,12,2018,Wed,0,Winter,3.7995465,3,22,103,863.99,3,153,13,nan
5386,9,Conference,2018-12-13,13,12,2018,Thurs,0,Winter,3.79007,7,16,8,863.99,2,141,0,nan
5306,9,Conference,2018-12-14,14,12,2018,Fri,0,Winter,3.782205,11,14,130,863.99,3,142,1,nan
98,9,Conference,2018-12-15,15,12,2018,Sat,1,Winter,3.8687355,0,4,0,863.99,2,5,0,nan
35,9,Conference,2018-12-16,16,12,2018,Sun,1,Winter,4.054286,0,0,0,863.99,1,6,0,nan
5254,9,Conference,2018-12-17,17,12,2018,Mon,0,Winter,3.771843,16,160,2,863.99,3,145,55,nan
5335,9,Conference,2018-12-18,18,12,2018,Tues,0,Winter,3.771247,11,119,7,863.99,3,145,18,nan
5345,9,Conference,2018-12-19,19,12,2018,Wed,0,Winter,3.784514,18,114,1,863.99,3,143,15,nan
5249,9,Conference,2018-12-20,20,12,2018,Thurs,0,Winter,3.785211,26,47,3,863.99,3,141,4,nan
5380,9,Conference,2018-12-21,21,12,2018,Fri,0,Winter,3.7850335,15,62,0,870.34,3,142,11,nan
95,9,Conference,2018-12-22,22,12,2018,Sat,1,Winter,3.886,0,2,0,887.99,3,6,1,nan
7,9,Conference,2018-12-23,23,12,2018,Sun,1,Winter,4.045714,0,0,0,887.99,1,6,0,nan
4895,9,Conference,2018-12-24,24,12,2018,Mon,0,Winter,3.7767765,4,6,0,887.99,3,139,1,nan
5105,9,Conference,2018-12-25,25,12,2018,Tues,0,Winter,3.7800405,0,1,0,887.99,3,139,1,nan
5242,9,Conference,2018-12-26,26,12,2018,Wed,0,Winter,3.7742555,3,34,1,887.99,3,145,13,nan
5039,9,Conference,2018-12-27,27,12,2018,Thurs,0,Winter,3.7837745,20,62,0,887.99,3,141,30,nan
5113,9,Conference,2018-12-28,28,12,2018,Fri,0,Winter,3.773423,26,19,0,887.99,3,140,4,nan
94,9,Conference,2018-12-29,29,12,2018,Sat,1,Winter,3.831492,0,0,0,887.99,2,5,0,nan
7,9,Conference,2018-12-30,30,12,2018,Sun,1,Winter,4.045714,0,0,0,887.99,1,6,0,nan
5046,9,Conference,2018-12-31,31,12,2018,Mon,0,Winter,3.782178,16,5,0,887.99,3,139,1,nan
5121,9,Conference,2019-01-01,1,1,2019,Tues,0,Winter,3.763135,14,19,9,888.21,3,142,4,nan
5208,9,Conference,2019-01-02,2,1,2019,Wed,0,Winter,3.76883,4,44,1,889.76,3,142,8,nan
5188,9,Conference,2019-01-03,3,1,2019,Thurs,0,Winter,3.761901,10,51,14,946.62,3,146,19,nan
5182,9,Conference,2019-01-04,4,1,2019,Fri,0,Winter,3.746945,16,10,2,959.99,3,139,1,nan
96,9,Conference,2019-01-05,5,1,2019,Sat,1,Winter,3.821591,0,4,0,1006.94,3,6,2,nan
67,9,Conference,2019-01-06,6,1,2019,Sun,1,Winter,4.031429,0,24,0,1007.99,1,6,0,nan
5143,9,Conference,2019-01-07,7,1,2019,Mon,0,Winter,3.7252705,22,40,9,1000.14,3,140,6,nan
5309,9,Conference,2019-01-08,8,1,2019,Tues,0,Winter,3.712042,9,97,0,967.26,3,145,39,nan
5037,9,Conference,2019-01-09,9,1,2019,Wed,0,Winter,3.763953,13,29,0,949.08,3,128,15,nan
5372,9,Conference,2019-01-10,10,1,2019,Thurs,0,Winter,3.774957,12,85,0,940.59,3,123,15,nan
5051,9,Conference,2019-01-11,11,1,2019,Fri,0,Winter,3.745982,27,119,0,935.99,3,120,3,nan
190,9,Conference,2019-01-12,12,1,2019,Sat,1,Winter,3.807732,0,4,0,935.99,2,5,0,nan
62,9,Conference,2019-01-13,13,1,2019,Sun,1,Winter,3.983333,0,8,0,935.99,1,6,0,nan
4900,9,Conference,2019-01-14,14,1,2019,Mon,0,Winter,3.760025,17,73,0,935.99,3,121,3,nan
5045,9,Conference,2019-01-15,15,1,2019,Tues,0,Winter,3.762403,22,76,0,935.99,3,122,6,nan
4962,9,Conference,2019-01-16,16,1,2019,Wed,0,Winter,3.767458,45,16,6,935.99,3,121,3,nan
5076,9,Conference,2019-01-17,17,1,2019,Thurs,0,Winter,3.763138,26,24,12,935.99,3,122,3,nan
4515,9,Conference,2019-01-18,18,1,2019,Fri,0,Winter,3.776582,10,0,4,935.99,3,122,0,nan
49,9,Conference,2019-01-19,19,1,2019,Sat,1,Winter,3.7953875,0,0,0,935.99,2,5,0,nan
6,9,Conference,2019-01-20,20,1,2019,Sun,1,Winter,4.058333,0,0,0,935.99,1,6,0,nan
4054,9,Conference,2019-01-21,21,1,2019,Mon,0,Winter,3.8153505,12,23,0,935.99,3,131,33,nan
4098,9,Conference,2019-01-22,22,1,2019,Tues,0,Winter,3.7892535,29,32,0,972.76,4,126,18,nan
4168,9,Conference,2019-01-23,23,1,2019,Wed,0,Winter,3.7569315,18,11,0,989.07,4,124,3,nan
3811,9,Conference,2019-01-24,24,1,2019,Thurs,0,Winter,3.754588,11,36,0,1000.87,4,127,18,nan
3721,9,Conference,2019-01-25,25,1,2019,Fri,0,Winter,3.7629835,7,12,0,1008.09,3,123,24,nan
6,9,Conference,2019-01-26,26,1,2019,Sat,1,Winter,3.85,0,0,0,1007.99,1,4,0,nan
6,9,Conference,2019-01-27,27,1,2019,Sun,1,Winter,4.036667,0,0,0,1007.99,1,6,0,nan
3850,9,Conference,2019-01-28,28,1,2019,Mon,0,Winter,3.7902235,12,47,0,1021.8,4,124,12,nan
3767,9,Conference,2019-01-29,29,1,2019,Tues,0,Winter,3.783315,19,62,0,1024.75,4,127,42,nan
3865,9,Conference,2019-01-30,30,1,2019,Wed,0,Winter,3.7559015,8,51,0,1007.99,4,123,6,nan
3825,9,Conference,2019-01-31,31,1,2019,Thurs,0,Winter,3.7810765,2,104,9,1007.99,4,121,3,nan
195,9,Conference,2019-02-01,1,2,2019,Fri,0,Spring,3.7356345,0,14,0,1007.99,3,24,3,nan
10,9,Conference,2019-02-02,2,2,2019,Sat,1,Spring,3.81,0,0,0,1007.99,1,4,0,nan
6,9,Conference,2019-02-03,3,2,2019,Sun,1,Spring,4.04,0,0,0,1007.99,1,6,0,nan
4728,9,Conference,2019-02-04,4,2,2019,Mon,0,Spring,3.7944295,2,15,78,1007.99,3,119,3,nan
5513,9,Conference,2019-02-05,5,2,2019,Tues,0,Spring,3.8028805,2,28,29,1020.4,3,117,15,nan
5836,9,Conference,2019-02-06,6,2,2019,Wed,0,Spring,3.8058535,2,60,0,1031.99,2,112,0,nan
5235,9,Conference,2019-02-07,7,2,2019,Thurs,0,Spring,3.811571,0,14,17,1031.99,4,113,12,nan
5137,9,Conference,2019-02-08,8,2,2019,Fri,0,Spring,3.7800095,2,36,0,1021.67,4,109,42,nan
18,9,Conference,2019-02-09,9,2,2019,Sat,1,Spring,3.890714,0,0,0,1007.99,1,4,0,nan
18,9,Conference,2019-02-10,10,2,2019,Sun,1,Spring,4.052222,0,0,0,1007.99,1,6,0,nan
5145,9,Conference,2019-02-11,11,2,2019,Mon,0,Spring,3.7835835,8,14,0,1008.1,3,107,6,nan
5209,9,Conference,2019-02-12,12,2,2019,Tues,0,Spring,3.794089,11,63,0,1009.04,3,109,24,nan
5388,9,Conference,2019-02-13,13,2,2019,Wed,0,Spring,3.7941575,1,54,5,1007.99,3,107,3,nan
4692,9,Conference,2019-02-14,14,2,2019,Thurs,0,Spring,3.7795595,4,0,28,1007.99,3,106,0,nan
3934,9,Conference,2019-02-15,15,2,2019,Fri,0,Spring,3.788656,3,13,12,1007.99,2,90,0,nan
17,9,Conference,2019-02-16,16,2,2019,Sat,1,Spring,3.897143,0,0,0,1007.99,2,5,3,nan
16,9,Conference,2019-02-17,17,2,2019,Sun,1,Spring,4.030625,0,0,0,1007.99,1,5,0,nan
4931,9,Conference,2019-02-18,18,2,2019,Mon,0,Spring,3.7870275,1,16,0,1007.99,2,103,0,nan
5053,9,Conference,2019-02-19,19,2,2019,Tues,0,Spring,3.7856115,1,18,5,989.71,4,107,9,nan
6501,9,Conference,2019-02-20,20,2,2019,Wed,0,Spring,3.762703,19,7,0,983.99,3,108,3,nan
6226,9,Conference,2019-02-21,21,2,2019,Thurs,0,Spring,3.7703835,17,12,0,983.99,3,104,6,nan
6089,9,Conference,2019-02-22,22,2,2019,Fri,0,Spring,3.783762,16,21,0,983.99,3,102,3,nan
55,9,Conference,2019-02-23,23,2,2019,Sat,1,Spring,3.788083,0,0,0,983.99,2,5,0,nan
18,9,Conference,2019-02-24,24,2,2019,Sun,1,Spring,3.998889,0,0,0,983.99,1,6,0,nan
6065,9,Conference,2019-02-25,25,2,2019,Mon,0,Spring,3.7813325,5,22,0,983.99,3,103,9,nan
6302,9,Conference,2019-02-26,26,2,2019,Tues,0,Spring,3.781788,10,54,0,983.99,3,102,3,nan
6200,9,Conference,2019-02-27,27,2,2019,Wed,0,Spring,3.7761715,1,36,1,983.99,3,104,15,nan
6068,9,Conference,2019-02-28,28,2,2019,Thurs,0,Spring,3.7783755,8,8,0,983.99,2,103,0,nan
6181,9,Conference,2019-03-01,1,3,2019,Fri,0,Spring,3.7758485,10,17,0,983.99,3,105,3,nan
55,9,Conference,2019-03-02,2,3,2019,Sat,1,Spring,3.8452145,0,0,0,983.99,2,5,0,nan
18,9,Conference,2019-03-03,3,3,2019,Sun,1,Spring,4.057222,0,0,0,983.99,1,6,0,nan
6166,9,Conference,2019-03-04,4,3,2019,Mon,0,Spring,3.8304015,5,20,54,983.99,2,105,0,nan
6385,9,Conference,2019-03-05,5,3,2019,Tues,0,Spring,3.8141035,33,68,0,983.99,3,112,30,nan
6745,9,Conference,2019-03-06,6,3,2019,Wed,0,Spring,3.815799,32,124,17,984.39,3,135,3,nan
6921,9,Conference,2019-03-07,7,3,2019,Thurs,0,Spring,3.8221375,17,24,0,986.04,3,126,3,nan
7097,9,Conference,2019-03-08,8,3,2019,Fri,0,Spring,3.83517,3,59,2,1001.79,3,125,15,nan
55,9,Conference,2019-03-09,9,3,2019,Sat,1,Spring,3.863736,0,0,0,1007.99,2,5,0,nan
18,9,Conference,2019-03-10,10,3,2019,Sun,1,Spring,4.043333,0,0,0,1007.99,1,6,0,nan
6804,9,Conference,2019-03-11,11,3,2019,Mon,0,Spring,3.836306,20,20,4,1008.8,3,124,12,nan
6828,9,Conference,2019-03-12,12,3,2019,Tues,0,Spring,3.8290285,10,85,0,1022.6,3,126,18,nan
7047,9,Conference,2019-03-13,13,3,2019,Wed,0,Spring,3.8271285,7,39,12,1031.99,3,123,6,nan
7268,9,Conference,2019-03-14,14,3,2019,Thurs,0,Spring,3.822787,13,90,140,1069.98,3,128,36,nan
7216,9,Conference,2019-03-15,15,3,2019,Fri,0,Spring,3.799005,6,47,1,1081.07,3,127,27,nan
6,9,Conference,2019-03-16,16,3,2019,Sat,1,Spring,3.846667,0,0,0,1079.99,1,4,0,nan
18,9,Conference,2019-03-17,17,3,2019,Sun,1,Spring,3.845556,0,0,0,1079.99,1,6,0,nan
7306,9,Conference,2019-03-18,18,3,2019,Mon,0,Spring,3.7920875,4,217,18,1175.54,3,137,132,nan
6903,9,Conference,2019-03-19,19,3,2019,Tues,0,Spring,3.779205,23,40,33,1328.27,3,118,3,nan
6556,9,Conference,2019-03-20,20,3,2019,Wed,0,Spring,3.777164,8,32,0,1350.19,3,118,18,nan
6975,9,Conference,2019-03-21,21,3,2019,Thurs,0,Spring,3.777942,9,64,0,1416.1,3,119,24,nan
6910,9,Conference,2019-03-22,22,3,2019,Fri,0,Spring,3.8003075,1,52,0,1415.98,3,120,15,nan
6,9,Conference,2019-03-23,23,3,2019,Sat,1,Spring,3.983333,0,0,0,1415.98,1,4,0,nan
42,9,Conference,2019-03-24,24,3,2019,Sun,1,Spring,3.873333,0,0,0,1415.98,1,6,0,nan
6903,9,Conference,2019-03-25,25,3,2019,Mon,0,Spring,3.775508,28,119,54,1461.28,3,128,85,nan
6773,9,Conference,2019-03-26,26,3,2019,Tues,0,Spring,3.7845365,15,43,31,1471.15,3,118,27,nan
6831,9,Conference,2019-03-27,27,3,2019,Wed,0,Spring,3.7794145,4,49,0,1480.37,3,118,23,nan
6779,9,Conference,2019-03-28,28,3,2019,Thurs,0,Spring,3.7745125,8,15,0,1487.98,3,115,5,nan
6745,9,Conference,2019-03-29,29,3,2019,Fri,0,Spring,3.792337,5,1,0,1488.12,3,114,3,nan
14,9,Conference,2019-03-30,30,3,2019,Sat,1,Spring,3.991667,0,8,0,1487.98,1,4,0,nan
18,9,Conference,2019-03-31,31,3,2019,Sun,1,Spring,3.875556,0,0,0,1487.98,1,6,0,nan
6789,9,Conference,2019-04-01,1,4,2019,Mon,0,Spring,3.7891035,17,32,9,1487.98,2,113,0,nan
6773,9,Conference,2019-04-02,2,4,2019,Tues,0,Spring,3.807702,11,20,0,1487.98,2,113,0,nan
6819,9,Conference,2019-04-03,3,4,2019,Wed,0,Spring,3.798021,10,12,0,1487.98,2,113,0,nan
6872,9,Conference,2019-04-04,4,4,2019,Thurs,0,Spring,3.80108,9,68,0,1487.98,2,113,0,nan
6940,9,Conference,2019-04-05,5,4,2019,Fri,0,Spring,3.8041295,13,52,66,1487.98,2,113,0,nan
6,9,Conference,2019-04-06,6,4,2019,Sat,1,Spring,4.013333,0,0,0,1487.98,1,4,0,nan
18,9,Conference,2019-04-07,7,4,2019,Sun,1,Spring,3.883333,0,0,0,1487.98,1,6,0,nan
6901,9,Conference,2019-04-08,8,4,2019,Mon,0,Spring,3.7865175,19,26,1,1497.78,3,115,6,nan
7019,9,Conference,2019-04-09,9,4,2019,Tues,0,Spring,3.7881395,20,68,0,1511.98,3,114,21,nan
6949,9,Conference,2019-04-10,10,4,2019,Wed,0,Spring,3.7935035,29,20,3,1511.98,3,115,12,nan
6904,9,Conference,2019-04-11,11,4,2019,Thurs,0,Spring,3.793767,19,1,0,1511.98,3,114,3,nan
6945,9,Conference,2019-04-12,12,4,2019,Fri,0,Spring,3.807804,3,48,0,1511.98,2,113,0,nan
4,9,Conference,2019-04-13,13,4,2019,Sat,1,Spring,4.0575,0,0,0,1511.98,1,2,0,nan
18,9,Conference,2019-04-14,14,4,2019,Sun,1,Spring,3.868889,0,0,0,1511.98,1,6,0,nan
6957,9,Conference,2019-04-15,15,4,2019,Mon,0,Spring,3.791161,7,83,2,1511.98,3,117,57,nan
6897,9,Conference,2019-04-16,16,4,2019,Tues,0,Spring,3.757659,19,25,0,1533.83,3,112,15,nan
6896,9,Conference,2019-04-17,17,4,2019,Wed,0,Spring,3.782872,6,47,4,1535.98,3,112,9,nan
6816,9,Conference,2019-04-18,18,4,2019,Thurs,0,Spring,3.7965475,6,0,0,1535.98,2,111,0,nan
6825,9,Conference,2019-04-19,19,4,2019,Fri,0,Spring,3.8079605,3,28,0,1535.98,2,111,0,nan
4,9,Conference,2019-04-20,20,4,2019,Sat,1,Spring,4.075,0,0,0,1535.98,1,2,0,nan
18,9,Conference,2019-04-21,21,4,2019,Sun,1,Spring,3.856111,0,0,0,1535.98,1,6,0,nan
6857,9,Conference,2019-04-22,22,4,2019,Mon,0,Spring,3.7913895,4,62,0,1535.98,3,112,45,nan
6816,9,Conference,2019-04-23,23,4,2019,Tues,0,Spring,3.7859565,12,8,17,1535.98,2,111,0,nan
6853,9,Conference,2019-04-24,24,4,2019,Wed,0,Spring,3.7800675,20,42,53,1536.8,3,113,15,nan
6862,9,Conference,2019-04-25,25,4,2019,Thurs,0,Spring,3.789945,16,4,0,1535.98,3,112,3,nan
6811,9,Conference,2019-04-26,26,4,2019,Fri,0,Spring,3.801516,15,41,0,1535.98,3,112,18,nan
44,9,Conference,2019-04-27,27,4,2019,Sat,1,Spring,4.055,0,36,0,1535.98,1,2,0,nan
18,9,Conference,2019-04-28,28,4,2019,Sun,1,Spring,3.868889,0,0,0,1535.98,1,6,0,nan
6945,9,Conference,2019-04-29,29,4,2019,Mon,0,Spring,3.7896645,3,117,9,1614.52,3,118,90,nan
6766,9,Conference,2019-04-30,30,4,2019,Tues,0,Spring,3.784743,2,5,0,1648.59,3,111,3,nan
8438,9,Conference,2019-05-01,1,5,2019,Wed,0,Summer,3.797015,7,220,0,1631.98,2,113,0,nan
7305,9,Conference,2019-05-02,2,5,2019,Thurs,0,Summer,3.788116,17,84,11,1631.98,2,113,0,nan
6880,9,Conference,2019-05-03,3,5,2019,Fri,0,Summer,3.797562,12,0,13,1631.98,2,113,0,nan
4,9,Conference,2019-05-04,4,5,2019,Sat,1,Summer,3.9475,0,0,0,1631.98,1,2,0,nan
18,9,Conference,2019-05-05,5,5,2019,Sun,1,Summer,3.864444,0,0,0,1631.98,1,6,0,nan
6370,9,Conference,2019-05-06,6,5,2019,Mon,0,Summer,3.8284915,1,0,14,1631.98,2,113,0,nan
6974,9,Conference,2019-05-07,7,5,2019,Tues,0,Summer,3.8050815,7,20,18,1631.98,2,113,0,nan
6994,9,Conference,2019-05-08,8,5,2019,Wed,0,Summer,3.7957,0,28,0,1631.98,2,113,0,nan
6943,9,Conference,2019-05-09,9,5,2019,Thurs,0,Summer,3.7926765,6,4,0,1631.98,2,114,0,nan
7030,9,Conference,2019-05-10,10,5,2019,Fri,0,Summer,3.8064675,32,116,5,1631.98,3,115,84,nan
4,9,Conference,2019-05-11,11,5,2019,Sat,1,Summer,3.935,0,0,0,1631.98,1,2,0,nan
38,9,Conference,2019-05-12,12,5,2019,Sun,1,Summer,3.892778,0,4,0,1631.98,1,6,0,nan
7051,9,Conference,2019-05-13,13,5,2019,Mon,0,Summer,3.801167,18,68,0,1631.98,2,115,0,nan
7167,9,Conference,2019-05-14,14,5,2019,Tues,0,Summer,3.8025655,3,180,3,1617.35,3,120,99,nan
7017,9,Conference,2019-05-15,15,5,2019,Wed,0,Summer,3.79845,9,12,0,1607.98,2,115,0,nan
6984,9,Conference,2019-05-16,16,5,2019,Thurs,0,Summer,3.7842935,4,68,0,1607.98,3,116,21,nan
6918,9,Conference,2019-05-17,17,5,2019,Fri,0,Summer,3.789023,6,25,0,1607.98,3,115,3,nan
4,9,Conference,2019-05-18,18,5,2019,Sat,1,Summer,4,0,0,0,1607.98,1,2,0,nan
18,9,Conference,2019-05-19,19,5,2019,Sun,1,Summer,3.892778,0,0,0,1607.98,1,6,0,nan
6965,9,Conference,2019-05-20,20,5,2019,Mon,0,Summer,3.771179,15,17,24,1593.44,3,119,21,nan
7030,9,Conference,2019-05-21,21,5,2019,Tues,0,Summer,3.782912,5,103,0,1583.98,3,117,21,nan
6914,9,Conference,2019-05-22,22,5,2019,Wed,0,Summer,3.770396,11,12,0,1583.98,2,114,0,nan
6892,9,Conference,2019-05-23,23,5,2019,Thurs,0,Summer,3.7714305,8,41,3,1583.98,3,115,21,nan
6897,9,Conference,2019-05-24,24,5,2019,Fri,0,Summer,3.796457,9,8,0,1583.98,2,113,0,nan
16,9,Conference,2019-05-25,25,5,2019,Sat,1,Summer,4.065,0,0,0,1583.98,1,2,0,nan
18,9,Conference,2019-05-26,26,5,2019,Sun,1,Summer,3.89,0,0,0,1583.98,1,6,0,nan
6875,9,Conference,2019-05-27,27,5,2019,Mon,0,Summer,3.7825505,27,20,4,1583.98,3,115,24,nan
6888,9,Conference,2019-05-28,28,5,2019,Tues,0,Summer,3.782334,6,19,0,1584.07,3,117,18,nan
6961,9,Conference,2019-05-29,29,5,2019,Wed,0,Summer,3.791493,31,36,0,1583.98,2,113,0,nan
7004,9,Conference,2019-05-30,30,5,2019,Thurs,0,Summer,3.8089165,8,44,0,1583.98,2,113,0,nan
6897,9,Conference,2019-05-31,31,5,2019,Fri,0,Summer,3.7988125,40,0,0,1583.98,2,113,0,nan
4,9,Conference,2019-06-01,1,6,2019,Sat,1,Summer,4.045,0,0,0,1583.98,1,2,0,nan
18,9,Conference,2019-06-02,2,6,2019,Sun,1,Summer,3.887778,0,0,0,1583.98,1,6,0,nan
6868,9,Conference,2019-06-03,3,6,2019,Mon,0,Summer,3.793179,47,36,17,1583.98,3,114,9,nan
7009,9,Conference,2019-06-04,4,6,2019,Tues,0,Summer,3.800871,20,8,76,1583.98,2,119,0,nan
6883,9,Conference,2019-06-05,5,6,2019,Wed,0,Summer,3.781561,22,48,45,1583.98,2,113,0,nan
7419,9,Conference,2019-06-06,6,6,2019,Thurs,0,Summer,3.794469,33,48,0,1583.98,2,115,0,nan
8153,9,Conference,2019-06-07,7,6,2019,Fri,0,Summer,3.808237,28,44,1,1583.98,2,113,0,nan
570,9,Conference,2019-06-08,8,6,2019,Sat,1,Summer,3.938952,34,0,0,1583.98,2,3,0,nan
760,9,Conference,2019-06-09,9,6,2019,Sun,1,Summer,3.854486,8,0,0,1583.98,2,7,0,nan
7079,9,Conference,2019-06-10,10,6,2019,Mon,0,Summer,3.781101,34,16,1,1583.98,2,113,0,nan
7087,9,Conference,2019-06-11,11,6,2019,Tues,0,Summer,3.784904,23,20,0,1583.98,2,114,0,nan
6983,9,Conference,2019-06-12,12,6,2019,Wed,0,Summer,3.7907375,40,9,0,1583.98,3,115,3,nan
7410,9,Conference,2019-06-13,13,6,2019,Thurs,0,Summer,3.797027,31,4,43,1583.98,2,115,0,nan
8179,9,Conference,2019-06-14,14,6,2019,Fri,0,Summer,3.7872875,87,8,0,1583.98,2,114,0,nan
8,9,Conference,2019-06-15,15,6,2019,Sat,1,Summer,4.055,0,0,0,1583.98,1,2,0,nan
18,9,Conference,2019-06-16,16,6,2019,Sun,1,Summer,3.886111,0,0,0,1583.98,1,6,0,nan
6991,9,Conference,2019-06-17,17,6,2019,Mon,0,Summer,3.777159,40,25,0,1592.96,3,116,15,nan
7806,9,Conference,2019-06-18,18,6,2019,Tues,0,Summer,3.7757095,29,77,0,1623.15,3,118,12,nan
7127,9,Conference,2019-06-19,19,6,2019,Wed,0,Summer,3.7678375,36,128,0,1631.98,3,118,90,nan
7243,9,Conference,2019-06-20,20,6,2019,Thurs,0,Summer,3.7921675,24,80,4,1680.63,3,122,36,nan
7384,9,Conference,2019-06-21,21,6,2019,Fri,0,Summer,3.788406,16,36,0,1679.98,2,115,0,nan
4,9,Conference,2019-06-22,22,6,2019,Sat,1,Summer,4.0075,0,0,0,1679.98,1,2,0,nan
22,9,Conference,2019-06-23,23,6,2019,Sun,1,Summer,3.945909,0,0,0,1679.98,1,7,0,nan
6957,9,Conference,2019-06-24,24,6,2019,Mon,0,Summer,3.775623,24,0,0,1679.98,2,115,0,nan
7019,9,Conference,2019-06-25,25,6,2019,Tues,0,Summer,3.769607,24,12,19,1679.98,2,115,0,nan
7069,9,Conference,2019-06-26,26,6,2019,Wed,0,Summer,3.763659,30,48,0,1666.41,3,116,18,nan
6962,9,Conference,2019-06-27,27,6,2019,Thurs,0,Summer,3.7666775,49,6,17,1655.98,3,116,3,nan
6925,9,Conference,2019-06-28,28,6,2019,Fri,0,Summer,3.765938,27,4,157,1655.98,2,115,0,nan
4,9,Conference,2019-06-29,29,6,2019,Sat,1,Summer,4.0325,0,0,0,1655.98,1,2,0,nan
21,9,Conference,2019-06-30,30,6,2019,Sun,1,Summer,3.868571,0,0,0,1655.98,1,7,0,nan
6962,9,Conference,2019-07-01,1,7,2019,Mon,0,Summer,3.75764,76,4,19,1655.98,2,115,0,nan
7036,9,Conference,2019-07-02,2,7,2019,Tues,0,Summer,3.750203,73,35,0,1655.98,3,118,6,nan
6971,9,Conference,2019-07-03,3,7,2019,Wed,0,Summer,3.78133,48,33,45,1655.98,3,117,21,nan
7025,9,Conference,2019-07-04,4,7,2019,Thurs,0,Summer,3.784068,19,71,0,1676.2,3,117,39,nan
7025,9,Conference,2019-07-05,5,7,2019,Fri,0,Summer,3.7813545,28,32,0,1679.98,2,116,0,nan
88,9,Conference,2019-07-06,6,7,2019,Sat,1,Summer,4.015,0,12,0,1679.98,1,2,0,nan
21,9,Conference,2019-07-07,7,7,2019,Sun,1,Summer,3.850952,0,0,0,1679.98,1,7,0,nan
6876,9,Conference,2019-07-08,8,7,2019,Mon,0,Summer,3.7693395,34,22,0,1694.34,3,117,12,nan
6851,9,Conference,2019-07-09,9,7,2019,Tues,0,Summer,3.780302,64,16,74,1703.98,3,118,12,nan
6839,9,Conference,2019-07-10,10,7,2019,Wed,0,Summer,3.7807365,48,0,7,1703.98,2,114,0,nan
7004,9,Conference,2019-07-11,11,7,2019,Thurs,0,Summer,3.7803325,29,82,5,1704.18,3,123,48,nan
6879,9,Conference,2019-07-12,12,7,2019,Fri,0,Summer,3.7707835,37,24,27,1703.98,3,116,6,nan
4,9,Conference,2019-07-13,13,7,2019,Sat,1,Summer,3.9675,0,0,0,1703.98,1,2,0,nan
22,9,Conference,2019-07-14,14,7,2019,Sun,1,Summer,3.824545,0,0,0,1703.98,1,7,0,nan
7009,9,Conference,2019-07-15,15,7,2019,Mon,0,Summer,3.7393885,59,30,4,1703.98,3,117,6,nan
6984,9,Conference,2019-07-16,16,7,2019,Tues,0,Summer,3.7658615,41,20,0,1703.98,2,115,0,nan
7047,9,Conference,2019-07-17,17,7,2019,Wed,0,Summer,3.7648435,56,135,0,1720.66,3,120,138,nan
7056,9,Conference,2019-07-18,18,7,2019,Thurs,0,Summer,3.760327,52,101,0,1727.98,3,117,78,nan
7137,9,Conference,2019-07-19,19,7,2019,Fri,0,Summer,3.7851185,47,37,8,1727.98,3,116,15,nan
48,9,Conference,2019-07-20,20,7,2019,Sat,1,Summer,3.885,0,16,0,1727.98,1,2,0,nan
22,9,Conference,2019-07-21,21,7,2019,Sun,1,Summer,3.861818,0,0,0,1727.98,1,7,0,nan
6905,9,Conference,2019-07-22,22,7,2019,Mon,0,Summer,3.7651595,28,32,0,1727.98,2,114,0,nan
7041,9,Conference,2019-07-23,23,7,2019,Tues,0,Summer,3.7784065,48,143,0,1751.09,3,118,96,nan
6877,9,Conference,2019-07-24,24,7,2019,Wed,0,Summer,3.768465,23,27,0,1775.98,3,115,9,nan
6981,9,Conference,2019-07-25,25,7,2019,Thurs,0,Summer,3.7501235,22,44,0,1775.98,3,117,0,nan
6939,9,Conference,2019-07-26,26,7,2019,Fri,0,Summer,3.7822305,20,12,0,1775.98,2,115,0,nan
56,9,Conference,2019-07-27,27,7,2019,Sat,1,Summer,4.0525,0,52,0,1775.98,1,2,0,nan
22,9,Conference,2019-07-28,28,7,2019,Sun,1,Summer,3.789545,0,0,0,1775.98,1,7,0,nan
6897,9,Conference,2019-07-29,29,7,2019,Mon,0,Summer,3.7742555,36,8,55,1775.98,2,114,0,nan
6854,9,Conference,2019-07-30,30,7,2019,Tues,0,Summer,3.784396,17,32,20,1775.98,2,114,0,nan
7010,9,Conference,2019-07-31,31,7,2019,Wed,0,Summer,3.766188,27,84,0,1775.98,3,117,78,nan
6949,9,Conference,2019-08-01,1,8,2019,Thurs,0,Autumn,3.751819,44,57,24,1775.98,3,116,3,nan
7019,9,Conference,2019-08-02,2,8,2019,Fri,0,Autumn,3.757355,47,31,25,1775.98,3,118,3,nan
4,9,Conference,2019-08-03,3,8,2019,Sat,1,Autumn,4.0725,0,0,0,1775.98,1,2,0,nan
22,9,Conference,2019-08-04,4,8,2019,Sun,1,Autumn,3.688636,0,0,0,1775.98,1,7,0,nan
6974,9,Conference,2019-08-05,5,8,2019,Mon,0,Autumn,3.762169,25,36,2,1775.98,2,115,0,nan
7596,9,Conference,2019-08-06,6,8,2019,Tues,0,Autumn,3.770734,23,412,0,1775.98,3,118,3,nan
7069,9,Conference,2019-08-07,7,8,2019,Wed,0,Autumn,3.7692935,23,48,0,1775.98,3,116,3,nan
6972,9,Conference,2019-08-08,8,8,2019,Thurs,0,Autumn,3.7813595,38,103,0,1775.98,3,117,15,nan
6931,9,Conference,2019-08-09,9,8,2019,Fri,0,Autumn,3.7789475,32,13,0,1775.98,3,115,3,nan
4,9,Conference,2019-08-10,10,8,2019,Sat,1,Autumn,4.0625,0,0,0,1775.98,1,2,0,nan
22,9,Conference,2019-08-11,11,8,2019,Sun,1,Autumn,3.855,0,0,0,1775.98,1,7,0,nan
7108,9,Conference,2019-08-12,12,8,2019,Mon,0,Autumn,3.7760045,42,11,0,1775.98,3,117,3,nan
6622,9,Conference,2019-08-13,13,8,2019,Tues,0,Autumn,3.797382,35,28,0,1775.98,3,115,15,nan
6564,9,Conference,2019-08-14,14,8,2019,Wed,0,Autumn,3.799439,17,12,0,1775.98,2,114,0,nan
6900,9,Conference,2019-08-15,15,8,2019,Thurs,0,Autumn,3.7934205,48,12,0,1775.98,2,114,0,nan
6917,9,Conference,2019-08-16,16,8,2019,Fri,0,Autumn,3.8090075,19,20,4,1775.98,2,114,0,nan
4,9,Conference,2019-08-17,17,8,2019,Sat,1,Autumn,4.0675,0,0,0,1775.98,1,2,0,nan
22,9,Conference,2019-08-18,18,8,2019,Sun,1,Autumn,3.810476,0,0,0,1775.98,1,7,0,nan
7121,9,Conference,2019-08-19,19,8,2019,Mon,0,Autumn,3.766071,35,396,0,1857.62,3,131,282,nan
7244,9,Conference,2019-08-20,20,8,2019,Tues,0,Autumn,3.756609,43,448,0,2041.28,3,137,339,nan
6809,9,Conference,2019-08-21,21,8,2019,Wed,0,Autumn,3.77604,21,48,0,2199.13,3,118,15,nan
6799,9,Conference,2019-08-22,22,8,2019,Thurs,0,Autumn,3.8000085,25,72,0,2135.98,3,112,18,nan
6717,9,Conference,2019-08-23,23,8,2019,Fri,0,Autumn,3.811176,29,38,0,2135.98,3,113,15,nan
4,9,Conference,2019-08-24,24,8,2019,Sat,1,Autumn,3.85,0,0,0,2135.98,1,2,0,nan
26,9,Conference,2019-08-25,25,8,2019,Sun,1,Autumn,3.832727,0,0,0,2135.98,2,9,0,nan
7143,9,Conference,2019-08-26,26,8,2019,Mon,0,Autumn,3.7838925,48,104,0,2135.98,3,112,0,nan
6754,9,Conference,2019-08-27,27,8,2019,Tues,0,Autumn,3.758241,71,24,2,2153.02,3,112,15,nan
6920,9,Conference,2019-08-28,28,8,2019,Wed,0,Autumn,3.7771175,103,1,0,2159.97,3,121,3,nan
7209,9,Conference,2019-08-29,29,8,2019,Thurs,0,Autumn,3.815435,41,135,0,2180.89,3,126,42,nan
7406,9,Conference,2019-08-30,30,8,2019,Fri,0,Autumn,3.7966805,45,87,0,2183.27,3,125,9,nan
24,9,Conference,2019-08-31,31,8,2019,Sat,1,Autumn,4.06,0,0,0,2183.97,1,2,0,nan
26,9,Conference,2019-09-01,1,9,2019,Sun,1,Autumn,3.778636,0,0,0,2183.97,2,9,0,nan
7235,9,Conference,2019-09-02,2,9,2019,Mon,0,Autumn,3.771654,46,30,41,2183.97,3,123,3,nan
7266,9,Conference,2019-09-03,3,9,2019,Tues,0,Autumn,3.7897745,47,70,0,2183.97,3,123,3,nan
7307,9,Conference,2019-09-04,4,9,2019,Wed,0,Autumn,3.778502,73,100,0,2183.97,3,124,0,nan
7896,9,Conference,2019-09-05,5,9,2019,Thurs,0,Autumn,3.7238175,205,42,28,2204.64,3,142,3,nan
7770,9,Conference,2019-09-06,6,9,2019,Fri,0,Autumn,3.7514785,62,35,2,2231.97,3,123,9,nan
8,9,Conference,2019-09-07,7,9,2019,Sat,1,Autumn,4.035,0,4,0,2231.97,1,2,0,nan
34,9,Conference,2019-09-08,8,9,2019,Sun,1,Autumn,3.607619,0,4,0,2231.97,2,9,0,nan
7987,9,Conference,2019-09-09,9,9,2019,Mon,0,Autumn,3.725997,95,40,0,2178.09,3,146,0,nan
8161,9,Conference,2019-09-10,10,9,2019,Tues,0,Autumn,3.7374245,138,65,32,2138.17,3,134,36,nan
8245,9,Conference,2019-09-11,11,9,2019,Wed,0,Autumn,3.7353355,80,81,21,2154.21,3,133,12,nan
8264,9,Conference,2019-09-12,12,9,2019,Thurs,0,Autumn,3.737482,104,81,0,2159.97,3,134,9,nan
8303,9,Conference,2019-09-13,13,9,2019,Fri,0,Autumn,3.7618,92,105,0,2159.97,3,134,48,nan
45,9,Conference,2019-09-14,14,9,2019,Sat,1,Autumn,4.031778,0,0,0,2159.97,1,3,0,nan
26,9,Conference,2019-09-15,15,9,2019,Sun,1,Autumn,3.844546,0,0,0,2159.97,2,9,0,nan
8207,9,Conference,2019-09-16,16,9,2019,Mon,0,Autumn,3.7389835,147,62,0,2144.6,3,135,39,nan
8143,9,Conference,2019-09-17,17,9,2019,Tues,0,Autumn,3.7520995,115,33,2,2118.46,3,132,6,nan
8560,9,Conference,2019-09-18,18,9,2019,Wed,0,Autumn,3.759342,163,101,0,2111.98,3,132,6,nan
8208,9,Conference,2019-09-19,19,9,2019,Thurs,0,Autumn,3.7609085,83,90,0,2111.98,3,134,12,nan
8245,9,Conference,2019-09-20,20,9,2019,Fri,0,Autumn,3.7647725,90,120,18,2111.98,3,132,18,nan
4,9,Conference,2019-09-21,21,9,2019,Sat,1,Autumn,4.0075,0,0,0,2111.98,1,2,0,nan
34,9,Conference,2019-09-22,22,9,2019,Sun,1,Autumn,3.872667,0,0,0,2111.98,2,10,0,nan
8227,9,Conference,2019-09-23,23,9,2019,Mon,0,Autumn,3.7731465,83,119,65,2089.89,3,134,3,nan
8160,9,Conference,2019-09-24,24,9,2019,Tues,0,Autumn,3.76437,98,7,104,2063.98,3,134,3,nan
8872,9,Conference,2019-09-25,25,9,2019,Wed,0,Autumn,3.7648565,83,133,30,2063.98,3,132,30,nan
8163,9,Conference,2019-09-26,26,9,2019,Thurs,0,Autumn,3.753994,112,213,0,2048.4,3,132,159,nan
8087,9,Conference,2019-09-27,27,9,2019,Fri,0,Autumn,3.775083,75,80,0,2039.98,3,132,12,nan
404,9,Conference,2019-09-28,28,9,2019,Sat,1,Autumn,4.134818,0,0,0,2039.98,2,21,0,nan
32,9,Conference,2019-09-29,29,9,2019,Sun,1,Autumn,3.8765,0,4,0,2039.98,2,8,0,nan
8084,9,Conference,2019-09-30,30,9,2019,Mon,0,Autumn,3.7775625,65,153,0,2099.77,3,130,93,nan
7993,9,Conference,2019-10-01,1,10,2019,Tues,0,Autumn,3.784466,90,53,10,2096.91,3,136,36,nan
8017,9,Conference,2019-10-02,2,10,2019,Wed,0,Autumn,3.7736235,85,11,0,2087.98,3,134,15,nan
8046,9,Conference,2019-10-03,3,10,2019,Thurs,0,Autumn,3.7863345,80,32,12,2087.98,3,133,27,nan
8177,9,Conference,2019-10-04,4,10,2019,Fri,0,Autumn,3.776294,81,54,9,2087.98,3,135,9,nan
4,9,Conference,2019-10-05,5,10,2019,Sat,1,Autumn,4.08,0,0,0,2087.98,1,2,0,nan
24,9,Conference,2019-10-06,6,10,2019,Sun,1,Autumn,3.8775,0,0,0,2087.98,2,8,0,nan
8000,9,Conference,2019-10-07,7,10,2019,Mon,0,Autumn,3.7529165,99,88,64,2127.23,3,135,66,nan
8107,9,Conference,2019-10-08,8,10,2019,Tues,0,Autumn,3.7534925,82,28,0,2112.03,3,133,30,nan
7942,9,Conference,2019-10-09,9,10,2019,Wed,0,Autumn,3.7489595,103,20,0,2111.98,3,133,12,nan
7922,9,Conference,2019-10-10,10,10,2019,Thurs,0,Autumn,3.746871,246,48,0,2121.44,3,132,60,nan
7891,9,Conference,2019-10-11,11,10,2019,Fri,0,Autumn,3.7440685,273,66,0,2099.38,3,133,45,nan
4,9,Conference,2019-10-12,12,10,2019,Sat,1,Autumn,4.035,0,0,0,2087.98,1,2,0,nan
24,9,Conference,2019-10-13,13,10,2019,Sun,1,Autumn,3.853158,1,0,0,2087.98,2,8,0,nan
7910,9,Conference,2019-10-14,14,10,2019,Mon,0,Autumn,3.7280545,371,21,0,2120.11,3,132,18,nan
8216,9,Conference,2019-10-15,15,10,2019,Tues,0,Autumn,3.7278595,380,71,16,2135.98,3,131,15,nan
7907,9,Conference,2019-10-16,16,10,2019,Wed,0,Autumn,3.755423,479,33,11,2136.03,3,133,24,nan
7970,9,Conference,2019-10-17,17,10,2019,Thurs,0,Autumn,3.7885455,280,25,0,2135.98,3,129,3,nan
7941,9,Conference,2019-10-18,18,10,2019,Fri,0,Autumn,3.7985975,274,119,14,2135.98,3,129,54,nan
4,9,Conference,2019-10-19,19,10,2019,Sat,1,Autumn,4.0125,0,0,0,2135.98,1,2,0,nan
24,9,Conference,2019-10-20,20,10,2019,Sun,1,Autumn,4.0735,0,0,0,2135.98,2,8,0,nan
6996,9,Conference,2019-10-21,21,10,2019,Mon,0,Autumn,3.847876,92,33,30,2135.98,3,129,15,nan
7376,9,Conference,2019-10-22,22,10,2019,Tues,0,Autumn,3.8543455,116,139,33,2135.98,3,128,18,nan
6779,9,Conference,2019-10-23,23,10,2019,Wed,0,Autumn,3.865391,66,45,0,2135.98,3,122,9,nan
7779,9,Conference,2019-10-24,24,10,2019,Thurs,0,Autumn,3.817067,121,68,0,2151.62,3,125,15,nan
6815,9,Conference,2019-10-25,25,10,2019,Fri,0,Autumn,3.8834465,52,29,0,2160.16,3,122,0,nan
5,9,Conference,2019-10-26,26,10,2019,Sat,1,Autumn,3.9825,0,0,0,2159.97,1,2,0,nan
32,9,Conference,2019-10-27,27,10,2019,Sun,1,Autumn,4.117187,0,0,0,2159.97,1,7,0,nan
7041,9,Conference,2019-10-28,28,10,2019,Mon,0,Autumn,3.872663,41,180,0,2180.54,3,123,111,nan
6793,9,Conference,2019-10-29,29,10,2019,Tues,0,Autumn,3.8788885,57,83,57,2208.46,3,127,33,nan
6869,9,Conference,2019-10-30,30,10,2019,Wed,0,Autumn,3.8894095,76,0,4,2207.97,3,123,0,nan
6861,9,Conference,2019-10-31,31,10,2019,Thurs,0,Autumn,3.8785765,67,20,10,2207.97,3,123,0,nan
6898,9,Conference,2019-11-01,1,11,2019,Fri,0,Winter,3.8879065,51,100,1,2207.97,3,123,15,nan
7,9,Conference,2019-11-02,2,11,2019,Sat,1,Winter,3.953333,0,0,0,2207.97,1,3,0,nan
31,9,Conference,2019-11-03,3,11,2019,Sun,1,Winter,4.11,0,0,0,2207.97,1,7,0,nan
5085,9,Conference,2019-11-04,4,11,2019,Mon,0,Winter,3.9151655,13,32,0,2207.97,3,123,15,nan
6692,9,Conference,2019-11-05,5,11,2019,Tues,0,Winter,3.8618515,48,98,0,2207.97,3,126,21,nan
6999,9,Conference,2019-11-06,6,11,2019,Wed,0,Winter,3.8708335,94,140,0,2207.97,3,128,30,nan
8013,9,Conference,2019-11-07,7,11,2019,Thurs,0,Winter,3.8446485,134,93,0,2207.97,3,131,60,nan
7983,9,Conference,2019-11-08,8,11,2019,Fri,0,Winter,3.836897,110,64,18,2207.97,3,131,6,nan
37,9,Conference,2019-11-09,9,11,2019,Sat,1,Winter,3.8605495,2,0,0,2207.97,2,4,0,nan
31,9,Conference,2019-11-10,10,11,2019,Sun,1,Winter,4.079677,0,0,0,2207.97,1,7,0,nan
8037,9,Conference,2019-11-11,11,11,2019,Mon,0,Winter,3.8480265,83,9,0,2207.97,3,134,3,nan
8197,9,Conference,2019-11-12,12,11,2019,Tues,0,Winter,3.844639,101,56,0,2207.97,3,134,0,nan
7335,9,Conference,2019-11-13,13,11,2019,Wed,0,Winter,3.868358,75,18,2,2207.97,3,136,3,nan
8059,9,Conference,2019-11-14,14,11,2019,Thurs,0,Winter,3.825423,150,12,5,2207.97,3,132,0,nan
7970,9,Conference,2019-11-15,15,11,2019,Fri,0,Winter,3.827038,152,20,6,2207.97,3,132,3,nan
48,9,Conference,2019-11-16,16,11,2019,Sat,1,Winter,3.8234375,3,4,0,2207.97,2,4,0,nan
36,9,Conference,2019-11-17,17,11,2019,Sun,1,Winter,4.090625,0,4,0,2207.97,1,7,0,nan
8028,9,Conference,2019-11-18,18,11,2019,Mon,0,Winter,3.83538,157,49,46,2208.02,3,132,3,nan
8035,9,Conference,2019-11-19,19,11,2019,Tues,0,Winter,3.849518,109,38,0,2207.97,3,131,15,nan
8106,9,Conference,2019-11-20,20,11,2019,Wed,0,Winter,3.8385215,136,44,4,2231.19,3,131,9,nan
8049,9,Conference,2019-11-21,21,11,2019,Thurs,0,Winter,3.811816,127,28,0,2255.97,3,131,3,nan
8093,9,Conference,2019-11-22,22,11,2019,Fri,0,Winter,3.809597,127,64,0,2255.97,3,133,0,nan
37,9,Conference,2019-11-23,23,11,2019,Sat,1,Winter,3.8415765,1,0,0,2255.97,2,4,0,nan
32,9,Conference,2019-11-24,24,11,2019,Sun,1,Winter,4.085,0,0,0,2255.97,1,7,0,nan
8114,9,Conference,2019-11-25,25,11,2019,Mon,0,Winter,3.8277395,111,9,8,2255.97,3,134,3,nan
8192,9,Conference,2019-11-26,26,11,2019,Tues,0,Winter,3.814584,122,66,0,2255.97,3,134,3,nan
8301,9,Conference,2019-11-27,27,11,2019,Wed,0,Winter,3.8223605,129,71,35,2256.22,3,136,27,nan
8112,9,Conference,2019-11-28,28,11,2019,Thurs,0,Winter,3.800429,149,16,2,2255.97,3,132,0,nan
8007,9,Conference,2019-11-29,29,11,2019,Fri,0,Winter,3.8291125,89,0,26,2255.97,3,133,0,nan
49,9,Conference,2019-11-30,30,11,2019,Sat,1,Winter,3.842611,1,12,0,2255.97,2,4,0,nan
32,9,Conference,2019-12-01,1,12,2019,Sun,1,Winter,4.101875,0,0,0,2255.97,1,7,0,nan
8085,9,Conference,2019-12-02,2,12,2019,Mon,0,Winter,3.833282,111,36,8,2270.56,3,135,15,nan
8158,9,Conference,2019-12-03,3,12,2019,Tues,0,Winter,3.8460425,99,28,1,2279.97,3,134,3,nan
8174,9,Conference,2019-12-04,4,12,2019,Wed,0,Winter,3.8364995,121,100,7,2279.97,3,133,15,nan
8095,9,Conference,2019-12-05,5,12,2019,Thurs,0,Winter,3.849841,116,50,37,2279.97,3,133,6,nan
8014,9,Conference,2019-12-06,6,12,2019,Fri,0,Winter,3.840364,118,48,2,2279.97,3,132,27,nan
36,9,Conference,2019-12-07,7,12,2019,Sat,1,Winter,3.8917855,1,0,0,2279.97,2,4,0,nan
32,9,Conference,2019-12-08,8,12,2019,Sun,1,Winter,4.121875,0,0,0,2279.97,1,7,0,nan
7928,9,Conference,2019-12-09,9,12,2019,Mon,0,Winter,3.848751,84,0,86,2279.97,3,132,0,nan
8108,9,Conference,2019-12-10,10,12,2019,Tues,0,Winter,3.8408525,108,40,4,2279.97,3,135,9,nan
8108,9,Conference,2019-12-11,11,12,2019,Wed,0,Winter,3.854975,130,49,0,2279.97,3,131,0,nan
7969,9,Conference,2019-12-12,12,12,2019,Thurs,0,Winter,3.849838,113,28,0,2279.97,3,131,0,nan
8046,9,Conference,2019-12-13,13,12,2019,Fri,0,Winter,3.8603105,174,16,28,2279.97,3,131,0,nan
37,9,Conference,2019-12-14,14,12,2019,Sat,1,Winter,3.8356085,1,0,0,2279.97,2,4,0,nan
32,9,Conference,2019-12-15,15,12,2019,Sun,1,Winter,4.088929,0,0,0,2279.97,1,6,0,nan
7943,9,Conference,2019-12-16,16,12,2019,Mon,0,Winter,3.810273,116,60,108,2279.97,3,128,0,nan
8032,9,Conference,2019-12-17,17,12,2019,Tues,0,Winter,3.854786,200,28,0,2279.97,3,129,3,nan
8005,9,Conference,2019-12-18,18,12,2019,Wed,0,Winter,3.849254,255,28,17,2279.97,3,131,12,nan
8006,9,Conference,2019-12-19,19,12,2019,Thurs,0,Winter,3.836644,189,83,0,2279.97,3,128,21,nan
7901,9,Conference,2019-12-20,20,12,2019,Fri,0,Winter,3.8494925,134,19,0,2279.97,3,129,12,nan
37,9,Conference,2019-12-21,21,12,2019,Sat,1,Winter,3.8003175,1,0,0,2279.97,2,4,0,nan
32,9,Conference,2019-12-22,22,12,2019,Sun,1,Winter,4.116071,0,0,0,2279.97,1,6,0,nan
7907,9,Conference,2019-12-23,23,12,2019,Mon,0,Winter,3.8577565,145,25,12,2279.97,3,128,15,nan
7984,9,Conference,2019-12-24,24,12,2019,Tues,0,Winter,3.848544,92,4,3,2279.97,3,130,0,nan
7959,9,Conference,2019-12-25,25,12,2019,Wed,0,Winter,3.8545955,84,5,2,2279.97,3,132,6,nan
8009,9,Conference,2019-12-26,26,12,2019,Thurs,0,Winter,3.859175,57,32,1,2279.97,3,130,0,nan
7962,9,Conference,2019-12-27,27,12,2019,Fri,0,Winter,3.847727,80,20,1,2279.97,3,130,0,nan
37,9,Conference,2019-12-28,28,12,2019,Sat,1,Winter,3.834532,1,0,0,2279.97,2,4,0,nan
28,9,Conference,2019-12-29,29,12,2019,Sun,1,Winter,4.102143,0,0,0,2279.97,1,6,0,nan
7944,9,Conference,2019-12-30,30,12,2019,Mon,0,Winter,3.8538335,125,28,7,2279.97,3,130,0,nan
7961,9,Conference,2019-12-31,31,12,2019,Tues,0,Winter,3.856766,99,0,0,2279.97,3,130,0,nan
7964,9,Conference,2020-01-01,1,1,2020,Wed,0,Winter,3.854743,91,0,10,0,3,130,0,nan
8061,9,Conference,2020-01-02,2,1,2020,Thurs,0,Winter,3.864728,79,25,0,18.01,3,136,9,nan
8093,9,Conference,2020-01-03,3,1,2020,Fri,0,Winter,3.865173,68,38,1,57.8,3,134,3,nan
45,9,Conference,2020-01-04,4,1,2020,Sat,1,Winter,3.87875,1,8,0,72,2,4,0,nan
32,9,Conference,2020-01-05,5,1,2020,Sun,1,Winter,4.105313,0,0,0,72,1,7,0,nan
8106,9,Conference,2020-01-06,6,1,2020,Mon,0,Winter,3.858224,75,96,26,72,3,131,0,nan
8180,9,Conference,2020-01-07,7,1,2020,Tues,0,Winter,3.845253,71,126,9,120.93,3,138,54,nan
8227,9,Conference,2020-01-08,8,1,2020,Wed,0,Winter,3.8337805,58,47,0,135.82,3,135,6,nan
8333,9,Conference,2020-01-09,9,1,2020,Thurs,0,Winter,3.849979,81,139,28,146.29,3,136,3,nan
8424,9,Conference,2020-01-10,10,1,2020,Fri,0,Winter,3.8594015,115,183,0,180.11,3,141,18,nan
69,9,Conference,2020-01-11,11,1,2020,Sat,1,Winter,3.844952,0,16,0,192,2,4,0,nan
32,9,Conference,2020-01-12,12,1,2020,Sun,1,Winter,4.120937,0,0,0,192,1,7,0,nan
8551,9,Conference,2020-01-13,13,1,2020,Mon,0,Winter,3.8391365,99,107,0,192,3,140,36,nan
8430,9,Conference,2020-01-14,14,1,2020,Tues,0,Winter,3.8522025,106,87,5,236.27,3,143,15,nan
8382,9,Conference,2020-01-15,15,1,2020,Wed,0,Winter,3.84055,109,39,9,270.23,3,139,3,nan
8447,9,Conference,2020-01-16,16,1,2020,Thurs,0,Winter,3.844077,112,29,0,264.1,3,141,3,nan
8563,9,Conference,2020-01-17,17,1,2020,Fri,0,Winter,3.850997,93,30,12,264.73,3,150,9,nan
38,9,Conference,2020-01-18,18,1,2020,Sat,1,Winter,3.8572845,0,0,0,264,2,5,0,nan
32,9,Conference,2020-01-19,19,1,2020,Sun,1,Winter,4.11875,0,0,0,264,1,7,0,nan
8644,9,Conference,2020-01-20,20,1,2020,Mon,0,Winter,3.847534,86,126,0,279.08,3,143,3,nan
8581,9,Conference,2020-01-21,21,1,2020,Tues,0,Winter,3.8449395,109,21,44,308.13,3,145,9,nan
8610,9,Conference,2020-01-22,22,1,2020,Wed,0,Winter,3.858326,102,42,0,332.63,3,145,18,nan
8787,9,Conference,2020-01-23,23,1,2020,Thurs,0,Winter,3.844411,96,140,0,357.93,3,144,9,nan
8553,9,Conference,2020-01-24,24,1,2020,Fri,0,Winter,3.856463,92,56,0,384,3,144,9,nan
38,9,Conference,2020-01-25,25,1,2020,Sat,1,Winter,3.8354585,0,0,0,384,2,5,0,nan
32,9,Conference,2020-01-26,26,1,2020,Sun,1,Winter,4.139687,0,0,0,384,1,7,0,nan
8579,9,Conference,2020-01-27,27,1,2020,Mon,0,Winter,3.8530805,97,140,6,406.66,3,143,24,nan
8249,9,Conference,2020-01-28,28,1,2020,Tues,0,Winter,3.8434705,115,108,0,408,3,136,3,nan
8234,9,Conference,2020-01-29,29,1,2020,Wed,0,Winter,3.8303635,94,28,0,408,3,135,0,nan
8238,9,Conference,2020-01-30,30,1,2020,Thurs,0,Winter,3.8525155,92,15,4,408,3,139,3,nan
8105,9,Conference,2020-01-31,31,1,2020,Fri,0,Winter,3.8462735,76,12,62,408,3,137,0,nan
37,9,Conference,2020-02-01,1,2,2020,Sat,1,Spring,3.881281,0,0,0,408,2,4,0,nan
28,9,Conference,2020-02-02,2,2,2020,Sun,1,Spring,4.133929,0,0,0,408,1,6,0,nan
8239,9,Conference,2020-02-03,3,2,2020,Mon,0,Spring,3.8545465,94,15,0,408,3,137,6,nan
8410,9,Conference,2020-02-04,4,2,2020,Tues,0,Spring,3.854698,93,37,18,408,3,140,3,nan
8393,9,Conference,2020-02-05,5,2,2020,Wed,0,Spring,3.8596685,101,34,0,408,3,141,15,nan
8650,9,Conference,2020-02-06,6,2,2020,Thurs,0,Spring,3.855454,99,29,22,408,3,141,3,nan
8744,9,Conference,2020-02-07,7,2,2020,Fri,0,Spring,3.8710355,92,67,17,390.52,3,142,12,nan
45,9,Conference,2020-02-08,8,2,2020,Sat,1,Spring,3.8686205,1,0,0,384,2,4,0,nan
28,9,Conference,2020-02-09,9,2,2020,Sun,1,Spring,4.135,0,0,0,384,1,6,0,nan
8358,9,Conference,2020-02-10,10,2,2020,Mon,0,Spring,3.867647,100,9,11,384.21,3,142,0,nan
8406,9,Conference,2020-02-11,11,2,2020,Tues,0,Spring,3.8639255,102,8,0,393.94,3,140,6,nan
8335,9,Conference,2020-02-12,12,2,2020,Wed,0,Spring,3.877298,85,37,5,434.97,3,142,21,nan
8402,9,Conference,2020-02-13,13,2,2020,Thurs,0,Spring,3.8703385,78,53,8,476.61,3,137,15,nan
8236,9,Conference,2020-02-14,14,2,2020,Fri,0,Spring,3.8420375,73,20,0,479.99,3,135,0,nan
41,9,Conference,2020-02-15,15,2,2020,Sat,1,Spring,3.7560235,0,4,0,479.99,2,4,0,nan
36,9,Conference,2020-02-16,16,2,2020,Sun,1,Spring,4.102857,0,0,0,479.99,1,6,0,nan
8172,9,Conference,2020-02-17,17,2,2020,Mon,0,Spring,3.838552,89,19,7,479.99,3,136,9,nan
8168,9,Conference,2020-02-18,18,2,2020,Tues,0,Spring,3.835006,78,24,10,462.51,3,138,21,nan
8406,9,Conference,2020-02-19,19,2,2020,Wed,0,Spring,3.8314745,76,110,21,432,3,138,3,nan
8326,9,Conference,2020-02-20,20,2,2020,Thurs,0,Spring,3.832237,99,30,8,432.4,3,138,6,nan
8261,9,Conference,2020-02-21,21,2,2020,Fri,0,Spring,3.8195035,117,1,0,432.15,3,138,0,nan
37,9,Conference,2020-02-22,22,2,2020,Sat,1,Spring,3.848952,0,0,0,432,2,4,0,nan
28,9,Conference,2020-02-23,23,2,2020,Sun,1,Spring,4.103214,0,0,0,432,1,6,0,nan
8273,9,Conference,2020-02-24,24,2,2020,Mon,0,Spring,3.8383155,76,6,5,432.05,3,140,6,nan
8403,9,Conference,2020-02-25,25,2,2020,Tues,0,Spring,3.825408,123,47,30,446.66,3,139,12,nan
8457,9,Conference,2020-02-26,26,2,2020,Wed,0,Spring,3.8301585,100,51,49,472.59,3,146,33,nan
8595,9,Conference,2020-02-27,27,2,2020,Thurs,0,Spring,3.8264,104,147,11,459.01,3,146,29,nan
8539,9,Conference,2020-02-28,28,2,2020,Fri,0,Spring,3.81771,90,42,8,479.21,3,148,30,nan
74,9,Conference,2020-02-29,29,2,2020,Sat,1,Spring,3.8658115,1,0,0,479.99,2,5,0,nan
32,9,Conference,2020-03-01,1,3,2020,Sun,1,Spring,4.072813,0,0,0,479.99,1,7,0,nan
8529,9,Conference,2020-03-02,2,3,2020,Mon,0,Spring,3.81207,110,98,61,502.45,3,155,102,nan
8650,9,Conference,2020-03-03,3,3,2020,Tues,0,Spring,3.8203315,112,58,6,524.84,3,151,48,nan
8627,9,Conference,2020-03-04,4,3,2020,Wed,0,Spring,3.820198,93,43,5,527.99,3,147,30,nan
8610,9,Conference,2020-03-05,5,3,2020,Thurs,0,Spring,3.825267,88,54,14,536.2,3,144,12,nan
8546,9,Conference,2020-03-06,6,3,2020,Fri,0,Spring,3.8308205,82,75,15,594.43,3,148,33,nan
74,9,Conference,2020-03-07,7,3,2020,Sat,1,Spring,3.8207465,0,0,0,671.99,2,5,0,nan
35,9,Conference,2020-03-08,8,3,2020,Sun,1,Spring,4.109032,0,0,0,671.99,1,7,0,nan
8689,9,Conference,2020-03-09,9,3,2020,Mon,0,Spring,3.8315265,96,36,0,638.27,3,141,9,nan
8469,9,Conference,2020-03-10,10,3,2020,Tues,0,Spring,3.82447,79,37,1,643.46,3,141,12,nan
8566,9,Conference,2020-03-11,11,3,2020,Wed,0,Spring,3.822953,96,65,4,665.75,3,144,33,nan
8545,9,Conference,2020-03-12,12,3,2020,Thurs,0,Spring,3.8181255,99,23,0,699.08,3,147,12,nan
8501,9,Conference,2020-03-13,13,3,2020,Fri,0,Spring,3.8362035,85,37,5,714.62,3,147,36,nan
78,9,Conference,2020-03-14,14,3,2020,Sat,1,Spring,3.627778,5,0,0,743.99,1,6,0,nan
32,9,Conference,2020-03-15,15,3,2020,Sun,1,Spring,3.9625,0,0,0,743.99,1,7,0,nan
8738,9,Conference,2020-03-16,16,3,2020,Mon,0,Spring,3.8316495,136,257,4,853.82,3,163,141,nan
8440,9,Conference,2020-03-17,17,3,2020,Tues,0,Spring,3.84036,112,229,0,926.6,3,140,0,nan
6138,9,Conference,2020-03-18,18,3,2020,Wed,0,Spring,3.842304,74,153,0,912.31,3,133,0,nan
6318,9,Conference,2020-03-19,19,3,2020,Thurs,0,Spring,3.870971,52,247,0,912.35,3,140,0,nan
8100,9,Conference,2020-03-20,20,3,2020,Fri,0,Spring,3.861051,85,126,4,912.36,3,141,0,nan
3,9,Conference,2020-03-21,21,3,2020,Sat,1,Spring,3.76,0,0,0,911.99,1,3,0,nan
32,9,Conference,2020-03-22,22,3,2020,Sun,1,Spring,4.074688,0,0,0,911.99,1,7,0,nan
7514,9,Conference,2020-03-23,23,3,2020,Mon,0,Spring,3.8810825,55,96,2,921.27,3,151,0,nan
8533,9,Conference,2020-03-24,24,3,2020,Tues,0,Spring,3.831541,104,228,0,961.07,3,151,0,nan
8707,9,Conference,2020-03-25,25,3,2020,Wed,0,Spring,3.82866,108,83,0,960.57,3,149,0,nan
8661,9,Conference,2020-03-26,26,3,2020,Thurs,0,Spring,3.834369,99,115,0,960.15,3,151,0,nan
8694,9,Conference,2020-03-27,27,3,2020,Fri,0,Spring,3.8412155,105,96,0,960.11,3,151,0,nan
5,9,Conference,2020-03-28,28,3,2020,Sat,1,Spring,3.82,0,0,0,959.99,1,4,0,nan
36,9,Conference,2020-03-29,29,3,2020,Sun,1,Spring,4.079375,0,0,0,959.99,2,9,0,nan
8733,9,Conference,2020-03-30,30,3,2020,Mon,0,Spring,3.8488765,95,198,0,1022.13,3,160,80,nan
8458,9,Conference,2020-03-31,31,3,2020,Tues,0,Spring,3.8488285,132,29,5,1067.7,3,152,0,nan
7488,9,Conference,2020-04-01,1,4,2020,Wed,0,Spring,3.829309,159,43,0,816.9,3,125,0,nan
7585,9,Conference,2020-04-02,2,4,2020,Thurs,0,Spring,3.817778,154,29,1,803.71,3,128,0,nan
7343,9,Conference,2020-04-03,3,4,2020,Fri,0,Spring,3.851178,97,17,0,791.99,3,128,0,nan
4,9,Conference,2020-04-04,4,4,2020,Sat,1,Spring,3.865,0,0,0,791.99,1,4,0,nan
28,9,Conference,2020-04-05,5,4,2020,Sun,1,Spring,4.105,0,0,0,791.99,2,7,0,nan
7436,9,Conference,2020-04-06,6,4,2020,Mon,0,Spring,3.850614,108,68,4,806.19,3,128,0,nan
7470,9,Conference,2020-04-07,7,4,2020,Tues,0,Spring,3.842807,116,37,0,623.99,3,124,0,nan
7370,9,Conference,2020-04-08,8,4,2020,Wed,0,Spring,3.842723,106,69,0,623.99,3,128,0,nan
8240,9,Conference,2020-04-09,9,4,2020,Thurs,0,Spring,3.842809,93,180,39,614.82,3,156,0,nan
8385,9,Conference,2020-04-10,10,4,2020,Fri,0,Spring,3.8498395,63,27,0,608.33,3,150,0,nan
1,9,Conference,2020-04-11,11,4,2020,Sat,1,Spring,4.01,0,0,0,623.99,1,1,0,nan
32,9,Conference,2020-04-12,12,4,2020,Sun,1,Spring,4.107857,0,0,0,623.99,2,9,0,nan
8552,9,Conference,2020-04-13,13,4,2020,Mon,0,Spring,3.8671939999999996,106,86,0,503.99,3,150,0,nan
8563,9,Conference,2020-04-14,14,4,2020,Tues,0,Spring,3.8539719999999997,96,70,0,479.99,3,152,0,nan
